<?xml version="1.0" encoding="UTF-8" standalone="yes"?>
<addon id="script.module.inputstreamhelper" name="InputStream Helper" version="200.1.1" provider-name="emilsvennesson, dagwieers, mediaminister, horstle">
  <requires>
    <!--py3 compliant-->
    <import addon="xbmc.python" version="3.0.0"/>
    <import addon="script.module.pysocks" version="1.6.8" optional="true"/>
  </requires>
  <!-- This is needed to get an add-on icon -->
  <extension point="xbmc.python.script" library="default.py">
    <provides>executable</provides>
  </extension>
  <extension point="xbmc.python.module" library="lib"/>
  <extension point="xbmc.addon.metadata">
    <summary lang="en_GB">Kodi InputStream and DRM playback made easy</summary>
    <description lang="en_GB">A simple Kodi module that makes life easier for add-on developers relying on InputStream based add-ons and DRM playback.</description>
    <platform>all</platform>
    <license>MIT</license>
    <website>https://github.com/emilsvennesson/script.module.inputstreamhelper/wiki</website>
    <source>https://github.com/emilsvennesson/script.module.inputstreamhelper</source>
    <assets>
      <icon>resources/icon.png</icon>
    </assets>
  </extension>
</addon>
